Question,Answer
Забота о работниках | детский сад | Размер оплаты за посещение дошкольного учреждения. | Сколько мне будет необходимо платить за корпоративный детский сад? | сколько платить за ребенка в корпоративном детском саду |  | Стоимость оплаты за корпоративный детский сад со стороны работника |  | ,Оплата за посещение ребёнком детского сада определяется в соответствии с положением об установлении стоимости и оплате услуг в дошкольных группах частных образовательных учреждений оао «ржд» и зависит от количества детей в семье и социального статуса работника.  
"Забота о работниках | семья, отдых, ДОЛ, лагерь | Как подать заявку на путёвку в лагерь детям? | Как отправить ребенка в детский оздоровительный лагерь компании? | Где можно оформить заявку на путевку в лагерь или санаторий для ребенка? | Обязательно писать заявление на распределение путевок в лагерь для ребенка? | Заявка на путевку в детский лагерь | Где подать заявку в ДОЛ? | можно подать заявку в ДОЛ на Сервисном портале?","Путевки предоставляются работникам, имеющим детей школьного возраста от 7 до 16 лет.
работнику необходимо подать заявку через сервисный портал работника (раздел «льготы и досуг», далее «детский отдых») или написать заявление в комиссию по распределению путевок в санаторно-курортные и оздоровительные учреждения своего предприятия. порядок получения путевок в детские оздоровительные лагеря определен распоряжением оао «ржд» от 19 мая 2022 г. № 1332/р.  "
"Забота о работниках | семья, отдых, ДОЛ, лагерь | Какие условия направления ребенка в детский лагерь компании |  |  |  | путевки ДОЛ компании | путевки детям | лагерь для детей","Путевки предоставляются работникам, имеющим детей школьного возраста от 7 до 16 лет. 
порядок получения путевок в детские оздоровительные лагеря определен распоряжением оао «ржд» от 19 мая 2022 г. №1332/р. работнику необходимо подать заявку через сервисный портал работника или написать заявление в комиссию по распределению путевок в санаторно-курортные и оздоровительные учреждения своего предприятия. или подать заявку через сервисный портал работника.
размер родительской платы за путевку составляет от 5% до 25% и зависит от социального статуса (многодетные, малообеспеченные), даты начала смены и месторасположения объекта  "
"Забота о работниках | льготы, семья | Какие льготы положены моей семье? | какими льготами может пользоваться моя семья | какие есть льготы для семьи | какие есть семейные льготы |  |  | ","Получить подробную информацию о льготах и гарантиях для семьи можно:
- у специалистов по управлению персоналом структурного подразделения;
- в профсоюзной организации;
- в путеводителе по льготам, размещенном на сервисном портале в блоге «социальная поддержка».  "
"Забота о работниках | льготы, семья | Какие льготы мне положены? | какими льготами я могу пользоваться | какие льготы у меня есть | какие льготы в компании есть для меня | какие мои льготы |  | ","Для информировании работников о льготах и гарантиях, предоставляемых в компании, разработан путеводитель по льготам, который разъясняет предоставление льгот в простом и доступном формате с пошаговым алгоритмом. 
путеводитель структурирован в пакетные предложения под жизненные ситуации работника и включает в себя 11 тематических блоков:
1. бесплатный проезд.
2. отпуск. 
3. здоровье.
4. досуг.
5. семья (семейное благополучие).
6. компенсируемый социальный пакет. бонусный пакет.
7. молодежь.
8. комфортные условия.
9. перед выходом на пенсию.
10. корпоративное волонтерство.
11. здоровый образ жизни.
ознакомиться с путеводителем можно на сервисном портале в блоге «социальная поддержка».  "
Забота о работниках | бонусный пакет | Как будет реализована новая бонусная система в Коллективном договоре ОАО «РЖД»? | реализация новой бонусной системы в Коллективном договоре ОАО «РЖД» | новая бонусная система в РЖД | что дает бонусная система РЖД | хочу узнать про новую бонусную систему РЖД |  | ,"В компании существует программа бонусный пакет. работники всех структурных подразделений и филиалов компании могут получать бонусные баллы за активность в непроизводственной деятельности и затем обменивать их на различные бенефиты из перечня корпоративных предложений оао «ржд»: путёвки на отдых, абонементы на занятия спортом, билеты в музеи, курсы обучения. и многое другое. обменять баллы на бенефиты можно в течение трёх лет с момента их начисления. более подробную информацию о новой бонусной системе можно найти на сервисном портале работника ржд в разделе «бонусный пакет».  "
"Забота о работниках | КСП | О компенсируемом социальном пакете | что такое компенсируемый социальный пакет | узнать о компенсируемом социальном пакете | компенсируемый социальный пакет | номер распоряжения, где прописано, кому положен КСП и какие должности? | ксп | что такое ксп","Компенсируемый социальный пакет или ксп – это элемент социального пакета, предоставляемый с целью повышения привлекательности рабочих мест и мотивации работников к труду. ксп предоставляет работнику возможность компенсировать в пределах определенного лимита денежных средств свои затраты на услуги и товары, включенные в перечень элементов ксп, утвержденный распоряжением оао «ржд» от 4 марта 2011 г. № 465/р.  "
Забота компании о работнике | Компенсируемый социальный пакет | Молодые специалисты всех должностей имеют право на КСП? Или определенные должности? | Кто имеет право на КСП?  | Какие категории работников имеют право на компенсируемый социальный пакет? | Какая категория работников входит в значимую группу персонала? | КСП положено всем или определенным должностям |  | ,"На ксп имеет право, работник, чья профессия/должность вошла в перечень значимых категорий. 
каждый филиал определяет категорию должностей ежегодно самостоятельно в зависимости от разных условий и обстоятельств (текучесть кадров, востребованность профессий и др.). в целях уточнения списка должностей работник может обратиться к специалисту по управлению персоналом в своем подразделении. утверждение происходит в 4 квартале на год. Подробнее о критериях значимых категорий персонала Состав значимых категорий персонала и их коэффициенты определяются филиалами ежегодно на основе определенных критериев согласно «положению о компенсируемом социальном пакете (ксп), предоставляемом работникам оао «ржд», утвержденному распоряжением оао «ржд» от 4 марта 2011 г. № 465р. 
критерии для определения значимых категорий персонала:
- дефицитность профессии. дефицитность определяется с учетом таких кадровых показателей как текучести, тенденция текучести укомплектованность, коэффициент постоянства кадров, сменяемость кадров и другие ситуации на рынке труда региона, а также на основании целей и задач филиала. обоснование предоставления ксп дефицитным профессиям состоит в их привлечении и удержании в компании;
- участие работников во внедрении изменений в компании (наставники, члены рабочих групп по новым проектам, которые выполняют дополнительные функции, связанные с внедрением изменений; участвуют в реализации инновационных проектов (в том числе молодежных). обоснование предоставления ксп этим группам персонала состоит в моральной мотивации и поддержке внедрения инноваций;
- высокая квалификация работников, обеспечивающих основной производственный процесс для жизнедеятельности компании (высокая квалификация работников, входящих в список основных профессий; обладающие особыми компетенциями; работники, включенные в кадровый резерв и др.) цель предоставления ксп - подчеркнуть важность работников высокой квалификации, используя механизм моральной мотивации;
- производственные показатели, эффективность труда (это подразделения, победившие в соревнованиях; работники, победившие в соревнованиях; работники, получившие благодарности, награды);
- трудная жизненная ситуация работников – доход на одного члена семьи ниже прожиточного минимума на душу населения в соответствующем регионе. определяется на основе совокупного дохода семьи на одного человека с учетов всех прав на льготы и гарантии в рамках федеральных программ. величина прожиточного минимума на душу населения в регионах в дальневосточном федеральном округе определяется в соответствии с методическими указаниями по формированию аналитического отчета «численность работников с денежным доходом на одного члена семьи ниже прожиточного минимума», утвержденными от 30.09.2021 № 1400/цки. критерий для предоставления ксп данной категории работников применяется на дальневосточной железной дороге;
- прочие критерии, указанные в локальных нормативных актах компании по вопросам кадровой и социальной политики."
Забота компании о работнике | Компенсируемый социальный пакет | Какая категория работников входит в значимую группу персонала? | По каким критериям определяется значимость тех или иных групп персонала для КСП? | Как определяется состав значимых категорий персонала? |  | Критерии значимости категорий персонала для  КСП |  | ,"Состав значимых категорий персонала и их коэффициенты определяются филиалами ежегодно на основе определенных критериев согласно «положению о компенсируемом социальном пакете (ксп), предоставляемом работникам оао «ржд», утвержденному распоряжением оао «ржд» от 4 марта 2011 г. № 465р.  Критерии для определения значимых категорий персонала Критерии для определения значимых категорий персонала:
- дефицитность профессии. дефицитность определяется с учетом таких кадровых показателей как текучести, тенденция текучести укомплектованность, коэффициент постоянства кадров, сменяемость кадров и другие ситуации на рынке труда региона, а также на основании целей и задач филиала. обоснование предоставления ксп дефицитным профессиям состоит в их привлечении и удержании в компании;
- участие работников во внедрении изменений в компании (наставники, члены рабочих групп по новым проектам, которые выполняют дополнительные функции, связанные с внедрением изменений; участвуют в реализации инновационных проектов (в том числе молодежных). обоснование предоставления ксп этим группам персонала состоит в моральной мотивации и поддержке внедрения инноваций;
- высокая квалификация работников, обеспечивающих основной производственный процесс для жизнедеятельности компании (высокая квалификация работников, входящих в список основных профессий; обладающие особыми компетенциями; работники, включенные в кадровый резерв и др.) цель предоставления ксп - подчеркнуть важность работников высокой квалификации, используя механизм моральной мотивации;
- производственные показатели, эффективность труда (это подразделения, победившие в соревнованиях; работники, победившие в соревнованиях; работники, получившие благодарности, награды);
- трудная жизненная ситуация работников – доход на одного члена семьи ниже прожиточного минимума на душу населения в соответствующем регионе. определяется на основе совокупного дохода семьи на одного человека с учетов всех прав на льготы и гарантии в рамках федеральных программ. величина прожиточного минимума на душу населения в регионах в дальневосточном федеральном округе определяется в соответствии с методическими указаниями по формированию аналитического отчета «численность работников с денежным доходом на одного члена семьи ниже прожиточного минимума», утвержденными от 30.09.2021 № 1400/цки. критерий для предоставления ксп данной категории работников применяется на дальневосточной железной дороге;
- прочие критерии, указанные в локальных нормативных актах компании по вопросам кадровой и социальной политики."
Забота о работниках | КСП | Кому в дирекции положен КСП - компенсируемый социальный пакет? | Кому предоставляется компенсируемый социальный пакет? | Каким категориям работников предоставляется право на пользование компенсируемым социальным пакетом? | Кто является получателем КСП? | У меня есть право на КСП? |  | ,"Узнать являетесь ли вы получателем ксп можно, обратившись к ответственному работнику за ведение ксп в вашем подразделении (обычно это специалист по управлению персоналом).

состав значимых категорий персонала и их коэффициенты определяются филиалами ежегодно на основе определенных критериев согласно «положению о компенсируемом социальном пакете (ксп), предоставляемом работникам оао «ржд», утвержденному распоряжением оао «ржд» от 4 марта 2011 г. № 465р.

если ваша должность попадает под значимую категорию, то ответственный за ведение ксп предложит написать заявление, расскажет какие элементы вы сможете компенсировать и какие документы необходимо предоставить.  "
"Забота о работниках | КСП, льготы, компенсации | Какие существуют социальные пакеты? | Какие виды социальной поддержки существуют в компании? |  |  | Из чего состоит соц пакет? | Что входит в соцпакет? | ","Система социальной поддержки работника в компании включает:
- базовый социальный пакет;
- софинансируемый социальный пакет;
- компенсируемый социальный пакет;
- бонусный пакет. Подробнее о каждом из видов социальных пакетов Базовый социальный пакет - льготы и компенсации, предоставляемые работникам по настоящему договору за счет средств работодателя, в том числе на страховых принципах;
софинансируемый социальный пакет - льготы и компенсации, предоставляемые работникам по настоящему договору, за счет средств работодателя и работника на принципах софинансирования;
компенсируемый социальный пакет - один из элементов софинансируемого социального пакета, предоставляемый в виде компенсации работникам высококвалифицированным, или достигшим значительных положительных производственных показателей, или имеющим редкую или дефицитную профессию, их личных затрат в пределах установленного лимита на приобретение социальных услуг, включенных в утвержденный перечень, которую осуществляет работодатель;
бонусный пакет - элемент системы мотивации, предусматривающий поощрения и награждения работников за личный вклад в повышение эффективности деятельности и развития компании, а также за проявленную активность и вовлеченность в решение корпоративных задач и участие в значимых для компании проектах."
"Забота компании о работнике | Коллективный договор | Какие документы нужно предоставить в отдел кадров для  компенсации проживания в гостиницах, отелях, хостелах? | Порядок выплаты компенсации за проживание в гостиницах в отпуске |  |  | компенсация проживания в отпуске | КСП компенсация проживания в отпуске | ","Документы для выплаты работнику компенсации в гостиницах, отелях, хостелах: 
1. копия приказа о нахождении в отпуске получателя ксп;
2. счет за проживание в гостинице на имя получателя ксп;
3. документ об оплате (кассовый чек или бланк строгой отчетности с указанием обязательных реквизитов, предусмотренных законодательством российской федерации).

с перечнем документов, необходимых для выплаты работнику компенсации по другим элементам ксп, можно ознакомиться в приложении 6 распоряжения 465р от 4 марта 2011 г.  "
"Забота о работниках | Коллективный договор, КСП | Производится ли компенсация затрат на занятия физической культурой?  | Компания компенсирует расходы на спорт? | Производится ли компенсация затрат на занятия физической культурой?  |  | размер компенсации за спорт |  | ","Компания частично компенсирует затраты на занятия физической культурой из расчета 400 руб. на одного работника в год (в соответствии с пунктом 7.33 коллективного договора оао «ржд» на 2023-2025 гг.).
право на частичную компенсацию затрат имеют работники, не занимающиеся в физкультурно-спортивных клубах компании.
если вы хотите получить компенсацию на абонемент в спортивный клуб, обратитесь с заявлением к ответственному работнику подразделения оао «ржд», в ведении которого находится вопрос оформления документов на компенсацию затрат занятий физической культурой. 
размер компенсации устанавливается комиссией в процентах от полной стоимости абонемента, исходя из средств, предусмотренных в бюджете предприятия на эти цели с учетом поданных заявлений, но не более 20 000 (двадцать тысяч) руб. одному работнику в год. комиссия выносит решение о предоставлении компенсации работнику и сумме компенсации (в рублях).
  "
"Забота о работниках | ЗОЖ, спорт | Что нужно сделать, чтобы получить абонемент в спортивный зал? | Как получить абонемент в спортивный клуб? | К кому обратиться за компенсацией затрат на спорт? | Как получить компенсацию за занятия физической культурой? |  |  | ","Если вы хотите получить компенсацию на абонемент в спортивный клуб, обратитесь с заявлением к ответственному работнику подразделения оао «ржд», в ведении которого находится вопрос оформления документов на компенсацию затрат занятий физической культурой. 
размер компенсации устанавливается комиссией в процентах от полной стоимости абонемента, исходя из средств, предусмотренных в бюджете предприятия на эти цели с учетом поданных заявлений, но не более 20 000 (двадцать тысяч) руб. одному работнику в год. комиссия выносит решение о предоставлении компенсации работнику и сумме компенсации (в рублях).

компания частично компенсирует затраты на занятия физической культурой из расчета 400 руб. на одного работника в год (в соответствии с пунктом 7.33 коллективного договора оао «ржд» на 2023-2025 годы).
право на частичную компенсацию затрат имеют работники, не занимающиеся в физкультурно-спортивных клубах компании.  "
Забота о работниках | льготы | Какие есть социальные льготы? | социальные льготы для работников в ОАО «РЖД» | какие существуют социальные льготы в компании | какие есть социальные льготы для работников в компании |  | соц льготы | соц льготы в ржд,"Получить подробную информацию о социальных льготах и гарантиях, предоставляемых коллективным договором, можно:
- у специалистов по управлению персоналом структурного подразделения;
- в профсоюзной организации;
- в путеводителе по льготам, размещенном на сервисном портале в блоге «социальная поддержка».  "
Забота о работниках | льготы | Какой социальный пакет мне доступен | социальный пакет для работников ОАО «РЖД» | какой социальный пакет положен работникам компании |  |  | соц пакет | соц пакет ржд,"Социальный пакет, предоставляемый работникам, прописан в коллективном договоре оао «ржд». коллективный договор заключается сроком на 3 года. ознакомиться с действующим коллективным договором можно на сайте компании ржд https://company.rzd.ru  в разделе ""документы"".  "
"Забота о работниках | льготы, гарантии, компенсации, статус молодого специалиста | На какие льготы имеет право претендовать молодой специалист? | Льготы, предоставляемые молодому специалисту ОАО «РЖД» | Какие виды помощи молодым сотрудникам есть в ржд  | какие льготы существуют в компании для молодого специалиста |  | льготы для молодого спеца | ","Молодому специалисту предоставляются льготы в соответствии с законодательством российской федерации, положением о молодом специалисте оао «ржд», утвержденном распоряжением оао «ржд» от 18 июля 2017 г. № 1397/р. ознакомиться с положением о молодом специалисте можно на сайте компании ржд https://company.rzd.ru  в разделе «документы» или проконсультироваться по интересующему вопросу у ответственного специалиста отдела по управлению персоналом структурного подразделения. Льготы в формате списка Статус молодого специалиста ржд предоставляет сотрудникам особые социальные гарантии, льготы и компенсации.
после приема на работу:
- единовременное пособие в размере месячного оклада;
- субсидируемый ипотечный кредит при покупке недвижимости: ипотечная ставка 2%,
при переезде на новое место работы:
- оплата расходов на переезд и обустройство;
- предоставление временного жилья и корпоративная поддержка при покупке недвижимости.
при работе в отдаленной местности с неразвитой социальной инфраструктурой:
- единовременное пособие 250 000 руб.;
- вознаграждение за первый и второй годы работы;
- предоставление жилья или компенсация аренды на период работы;
- ежемесячное пособие на воспитание ребенка, если второй родитель не работает из-за отсутствия рабочих мест или детских садов;
- установление ежемесячной оплаты услуг по содержанию, присмотру и уходу за воспитанником в образовательных учреждениях, имеющих дошкольные группы, в размере 5%  от полной стоимости;
- установление родительской платы в ржд лицеях, имеющих в своей структуре интернат, в размере 5%  от полной стоимости
при рождении ребенка:
- безвозмездная субсидия на погашение части ипотеки;
- компенсация более 80% оплаты детского сада ржд;
- компенсация более 75% стоимости путевки в детский летний лагерь ржд."
"Забота о работниках | льготы, гарантии, компенсации, статус молодого специалиста | Какие гарантии предоставляются молодому специалисту? | Гарантии, предоставляемые молодому специалисту ОАО «РЖД» | какие гарантии есть для молодых специалистов в компании | какие гарантии существуют в компании для молодого специалиста |  | гарантии для молодого спеца | ","Молодому специалисту предоставляются льготы в соответствии с законодательством российской федерации, положением о молодом специалисте оао «ржд», утвержденном распоряжением оао «ржд» от 18 июля 2017 г. № 1397/р. ознакомиться с положением о молодом специалисте можно на сайте компании ржд https://company.rzd.ru  в разделе «документы» или проконсультироваться по интересующему вопросу у ответственного специалиста отдела по управлению персоналом структурного подразделения. Гарантии в формате списка Статус молодого специалиста ржд предоставляет сотрудникам особые социальные гарантии, льготы и компенсации.
после приема на работу:
- единовременное пособие в размере месячного оклада;
- субсидируемый ипотечный кредит при покупке недвижимости: ипотечная ставка 2%,
при переезде на новое место работы:
- оплата расходов на переезд и обустройство;
- предоставление временного жилья и корпоративная поддержка при покупке недвижимости.
при работе в отдаленной местности с неразвитой социальной инфраструктурой:
- единовременное пособие 250 000 руб.;
- вознаграждение за первый и второй годы работы;
- предоставление жилья или компенсация аренды на период работы;
- ежемесячное пособие на воспитание ребенка, если второй родитель не работает из-за отсутствия рабочих мест или детских садов;
- установление ежемесячной оплаты услуг по содержанию, присмотру и уходу за воспитанником в образовательных учреждениях, имеющих дошкольные группы, в размере 5%  от полной стоимости;
- установление родительской платы в ржд лицеях, имеющих в своей структуре интернат, в размере 5%  от полной стоимости
при рождении ребенка:
- безвозмездная субсидия на погашение части ипотеки;
- компенсация более 80% оплаты детского сада ржд;
- компенсация более 75% стоимости путевки в детский летний лагерь ржд."
"Забота компании о работнике | Санаторно-курортное лечение | Как подать заявление на путевку? | как получить путевку | как взять путевку в санаторий | что нужно сделать, чтобы взять путевку | оформление путевки |  | ","Подать заявление можно двумя способами: 
1.через сервисный портал работника (раздел «льготы и досуг», «санаторно-курортный отдых», далее выбираем место отдыха, период отдыха и т.д. (объекты оао «ржд»). 

2. написать заявление в комиссию по распределению путевок в санаторно-курортные и оздоровительные учреждения своего предприятия. 

c формой заявления и образцами документов расположены:

1) в приложении №6 к положению о бронировании, распределении и оплате путевок в структурные подразделения филиалов оао «ржд», специализирующиеся на санаторно-курортном лечении, оздоровлении и отдыхе, утв. распоряжением оао «ржд» от 04.09.2013 №1907р (в редакции распоряжения оао «ржд» от 15.08.2022 № 2134/р);

2) в приложении №6 к положению о формировании корпоративного заказа, бронировании, распределении и оплате путевок в филиалы ао «ржд-здоровье», утв. распоряжением оао «ржд» от 28.04.2015 №1096р (в редакции распоряжения оао «ржд» от 14.07.2021 №1533/р).    "
Забота компании о работнике | Санаторно-курортное лечение | Какой размер льготы по путевке для членов семьи? | Есть ли льготы на путевки для членов семьи? |  |  | Размер льготы на путевки для членов семьи | % компенсации путевки в санаторий для членов семьи | ,"Размер частичной оплаты стоимости путевки для членов семей составляет:
- на объектах оао «ржд» (муж, жена, дети, родители) - от 20% до 50% (распоряжение оао «ржд» от 04.09.2013 г. №1907р, в редакции распоряжения оао «ржд» от 15.08.2022 № 2134/р); 
- на объектах ао «ржд-здоровье» (муж, жена, дети) - от 20% до 60% (распоряжение оао «ржд» от 28.04.2015 г. №1096р, в редакции распоряжения оао «ржд» от 14.07.2021 №1533/р). перечень объектов оздоровления можно посмотреть в указанных документах. для удобства они выложены на сервисный портал в раздел «нормативные документы» - «взрослый отдых и оздоровление».  "
Забота компании о работнике | Санаторно-курортное лечение | Когда надо подавать заявление на путевку работнику и члену его семьи? | Путевку в санаторий надо заказывать за год вперед? | Срок подачи заявки на получение путевки на санаторно-курортное лечение для членов семьи и работника? | Как получить путевку для членов семьи? | заявка на льготные путевки на следующий год |  | ,"Заявки (потребность) на льготные санаторно-курортные путевки (на объекты оао «ржд» и санатории ао «ржд-здоровье») на следующий год формируются ежегодно в августе-сентябре. заявку можно подать двумя способами: 1. через сервисный портал работника (раздел «льготы и досуг», «санаторно-курортный отдых». 2. написать заявление в комиссию по распределению путевок и предоставить соответствующий пакет документов.

не позднее, чем за 2 месяца до начала квартала, комиссии аппарата управления, филиалов и их структурных подразделений корректируют заявки на выделение путевок (уточняют их количество, категории номеров и количество дней).

комиссии направляют заявки в дсс (дирекция социальной сферы) и филиалы ао «ржд-здоровье» на согласование. порядок предоставления и размеры оплаты утверждены распоряжениями оао «ржд» №1907р от 04.09.2013 г. и №1096р от 28.04.2015 г.
 Показать нормативные документы, где можно найти образцы заявлений Формы (образцы) заявлений: 
- приложение №6 к положению о бронировании, распределении и оплате путевок в структурные подразделения филиалов оао «ржд», специализирующиеся на санаторно-курортном лечении, оздоровлении и отдыхе, утв. распоряжением оао «ржд» от 04.09.2013 №1907р (в редакции распоряжения оао «ржд» от 15.08.2022 № 2134/р);

- приложение №6 к положению о формировании корпоративного заказа, бронировании, распределении и оплате путевок в филиалы ао «ржд-здоровье», утв. распоряжением оао «ржд» от 28.04.2015 №1096р (в редакции распоряжения оао «ржд» от 14.07.2021 №1533/р)."
Забота компании о работнике | Санаторно-курортное лечение | Кому выдаются санаторно-курортные путёвки на отдых? | Кто может получить путевку на отдых? | Путевку в санаторий от компании может получить только работник? | Компания выделяет путевки для членов семьи? | могу получить путевку в санаторий для члена семьи? | есть путевки для членов семьи | ,"Право на предоставление санаторно-курортных путевок имеют работники оао «ржд» (вне зависимости от стажа работы в компании), члены их семей и неработающие пенсионеры оао «ржд». 

для санаториев оао «ржд» к членам семьи относятся родители, супруги и дети, а для санаториев ао «ржд-здоровье» только супруги и дети. возраст детей одинаковый для всех санаториев от 4 до 18 лет.
 Подробнее о нормативных документах, регламентирующих порядок предоставления и порядок оплаты санаторно-курортных путевок. Порядок предоставления и размеры оплаты утверждены распоряжениями оао «ржд» №1907р от 04.09.2013 г., №1096р от 28.04.2015 г. и №27/р от 12.01.2023 (для неработающих пенсионеров на объектах оао «ржд»).

решение о выделении санаторно-курортной путевки работникам и членам семьи принимается комиссией вашего предприятия в пределах лимита средств, предусмотренных на частичную компенсацию стоимости путевок.

выделение путевок неработающим пенсионерам оао «ржд» осуществляется на основании обращения неработающего пенсионера через бесплатный телефон горячей линии икц (8-800-775-95-97 или через мобильный телефон по номеру 1810), через сервисный портал пенсионера оао «ржд» или через специалиста по управлению персоналом, и при наличии мест на объекте оздоровления и лимита средств, предусмотренных на частичную компенсацию стоимости путевок."
Забота о работниках | отдых | Какие конкретно есть социальные возможности для работников? | Где и у кого можно получить полный объем информации о полагающихся мне льготах и дополнительных материальных выплатах согласно Коллективному договору? | Как быть в курсе льгот и гарантий компании? | Где узнать виды и условия получения корпоративных льгот? | сайт про льготы компании | социальные льготы по Кол договору | ,"Получить подробную информацию о льготах и гарантиях, предоставляемых коллективным договором, работник может:
- у специалистов по управлению персоналом;
- в профсоюзной организации;
- на сервисном портале работника;
- в блогах на сервисном портале работника («трансформация социальной сферы», «социальная защита», «окно в мир жилищной политики оао «ржд»», «волонтеры ржд»);
- в социальной сети vk в группе «социальная политика оао «ржд» по адресу https://vk.com/social_rzd
- в телеграмм канале «социальная политика оао «ржд» https://t.me/social_rzd  "
"Забота о работниках | мероприятия | Где можно узнать про творческие конкурсы? (рисунки, фото) | Какие творческие конкурсы есть в компании? | Какие есть фотоконкурсы? | Есть конкурсы для певцов? | компания поддерживает творчество? | Есть ли в компании конкурсы живописи? | ","Информацию о мероприятиях департамента социального развития (цср) и дирекций социальной сферы железных дорог (дсс)  (в области культуры, спорта и  волонтерства) можно найти: на платформе «пульс», на платформе добро.рф, в ежемесячном дайджесте департамента социального развития.  "
Забота о работниках | семья | Какая существует поддержка молодых семей в Компании? | Какую поддержку компания оказывает молодым семьям? | Какие корпоративные льготы есть для молодой семьи |  |  | корп поддержка молодых семей | льготы для семьи,"Льготы молодым семьям предоставляются в соответствии с законодательством российской федерации, положением о молодом специалисте оао «ржд» и другими локальными нормативными актами, принятыми с учетом мотивированного мнения выборного органа профсоюза в целях закрепления в компании молодых работников, в том числе проживающих в районах крайнего севера и приравненных к ним местностях  "
"Забота компании о работнике | Коллективный договор, льготный проезд | Каким работникам положена компенсация расходов на оплату стоимости проезда и провоза багажа к месту использования ежегодного оплачиваемого отпуска и обратно любым видом транспорта, в том числе личным (за исключением такси), взамен железнодорожного? | На кого распространяется компенсация стоимости проезда в отпуске любым видом транспорта? | Кому компенсируют проезд в отпуске любым видом транспорта? |  | компенсация проезда в отпуске любым видом транспорта для кого |  | ","Данная компенсация распространяется на работников оао «ржд», работающих в районах крайнего севера и приравненных к ним местностях  и находящихся на их иждивении детей в возрасте до 18 лет. Какие именно расходы компенсируются 1) оплата стоимости проезда работника к месту использования отпуска и детей работника к месту отдыха и обратно в размере фактических расходов, подтвержденных проездными документами, но не выше стоимости проезда:
водным транспортом в каюте v группы морского судна регулярных транспортных линий и линий с комплексным обслуживанием пассажиров, в каюте ii категории речного судна всех линий сообщения и в каюте i категории судна паромной переправы;
воздушным транспортом в салоне экономического класса (в том числе детей работника в возрасте от 2 лет);
автомобильным транспортом общего пользования;
личным транспортом;
2) оплата стоимости провоза багажа весом до 24 кг (включительно) работника и каждого из детей работника независимо от количества багажа, разрешенного для бесплатного провоза по билету на тот вид транспорта, которым следуют работник и дети работника, в размере документально подтвержденных расходов;
3) оплата стоимости проезда воздушным транспортом взамен железнодорожного в случае, если по маршруту движения отсутствует железнодорожное сообщение. при этом работнику компенсируются фактически понесенные им расходы на оплату стоимости его проезда воздушным транспортом в салоне экономического класса по участку пути, на котором отсутствует железнодорожное сообщение, а также проезда его детей на основании справок, выданных транспортной организацией, осуществляющей перевозку, или ее уполномоченным агентом, или организацией, продавшей проездной документ либо арендующей транспорт (далее - транспортная организация), содержащих информацию о стоимости проезда воздушным транспортом по участку пути, на котором отсутствует железнодорожное сообщение, на дату приобретения билетов."
"Забота компании о работнике | Коллективный договор, льготный проезд | Как часто предоставляется компенсация проезда в отпуске (Крайний Север)? | Когда могу пользоваться компенсацией за проезд в отпуске с Крайнего Севера? | как часто могу слетать в отпуск за счет компании как работник региона Крайнего Севера |  | компенсация перелета для работника Крайнего севера | бесплатный проезд в отпуске для работников Северных регионов | ","Один раз в два года.
основанием для предоставления работнику права бесплатного проезда является приказ (распоряжение) руководителя филиала или структурного подразделения о предоставлении работнику отпуска. при этом, детям в возрасте до 18 лет, находящимся на иждивении работника, право бесплатного проезда железнодорожным транспортом предоставляется независимо от времени использования отпуска работником. Какие именно расходы компенсируются 1) оплата стоимости проезда работника к месту использования отпуска и детей работника к месту отдыха и обратно в размере фактических расходов, подтвержденных проездными документами, но не выше стоимости проезда:
водным транспортом в каюте v группы морского судна регулярных транспортных линий и линий с комплексным обслуживанием пассажиров, в каюте ii категории речного судна всех линий сообщения и в каюте i категории судна паромной переправы;
воздушным транспортом в салоне экономического класса (в том числе детей работника в возрасте от 2 лет);
автомобильным транспортом общего пользования;
личным транспортом;
2) оплата стоимости провоза багажа весом до 24 кг (включительно) работника и каждого из детей работника независимо от количества багажа, разрешенного для бесплатного провоза по билету на тот вид транспорта, которым следуют работник и дети работника, в размере документально подтвержденных расходов;
3) оплата стоимости проезда воздушным транспортом взамен железнодорожного в случае, если по маршруту движения отсутствует железнодорожное сообщение. при этом работнику компенсируются фактически понесенные им расходы на оплату стоимости его проезда воздушным транспортом в салоне экономического класса по участку пути, на котором отсутствует железнодорожное сообщение, а также проезда его детей на основании справок, выданных транспортной организацией, осуществляющей перевозку, или ее уполномоченным агентом, или организацией, продавшей проездной документ либо арендующей транспорт (далее - транспортная организация), содержащих информацию о стоимости проезда воздушным транспортом по участку пути, на котором отсутствует железнодорожное сообщение, на дату приобретения билетов."
Забота компании о работнике | Коллективный договор | Действия работника и документы для получения компенсации (Крайний Север). | Как получить компенсацию за проезд в отпуске для работников на Крайнем Севере | Порядок компенсации проезда в отпуске для работника региона Крайнего Севера | какие документы нужны для получения компенсации расходов за проезд в отпуске для работника на Крайнем Севере |  |  | ,"Работник обязан в течение 3 рабочих дней с даты выхода на работу из отпуска подать на имя руководителя филиала или структурного подразделения оао «ржд», в котором он работает, авансовый отчет (в случае если работнику был выдан аванс), заявление о компенсации расходов, представить данные о сумме, подлежащей компенсации, и приложить оригиналы проездных документов, подтверждающих расходы работника, а также в случае необходимости документы: 
- справки о стоимости проезда в соответствии с установленной категорией проезда на дату приобретения билета, выданной работнику транспортной организацией, 
- чеки автозаправочных станций, указывающие на расходы по оплате стоимости израсходованного топлива, доверенность в простой письменной форме, 
- расписка о предоставлении работником денежных средств третьему лицу, платежное поручение на перечисление денежных средств работником на счет третьего лица,  
- справки о стоимости проезда работника (детей работника) и провоза его (их) багажа воздушным транспортом по территории российской федерации, включенной в стоимость перевозочного документа (билета), выданной транспортной организацией (указанная в справке стоимость определяется транспортной организацией как процентная часть стоимости воздушной перевозки согласно перевозочному документу, соответствующая процентному отношению расстояния, рассчитанного по ортодромии маршрута полета воздушного судна в воздушном пространстве российской федерации, к общей ортодромии маршрута полета воздушного судна (если отпуск за пределами рф),
- перевозочных документов (если отпуск за пределами рф),
- копий соответствующих страниц заграничного паспорта (при предъявлении оригинала заграничного паспорта) с отметкой органа пограничного контроля (пункта пропуска) о пересечении государственной границы российской федерации.
заявление работника о компенсации расходов с прилагаемыми документами передается в подразделение, осуществляющее бухгалтерский и налоговый учет, не позднее одного месяца после использования работником отпуска.  "
"Забота компании о работнике | Коллективный договор, льготный проезд | Компенсация перелета до Черноморского побережья для работников ДВОСТ и ЗАБ, нюансы и тонкости. | Особенности предоставления компенсации за перелет к морю работникам ЗАБ и ДВОСТ |  |  | бесплатно съездить на море для работника ЗАБ | компенсация за проезд на море для работника ДВОСТ | ","Данный вопрос регламентирован распоряжением оао «ржд» от 23.08.2019 n 1874/р (ред. от 16.02.2021)
«об утверждении порядка компенсации работникам филиалов и структурных подразделений оао «ржд», осуществляющим трудовую деятельность в границах забайкальской железной дороги, дальневосточной железной дороги, а также байкало-амурской магистрали от ст. лена до ст. советская гавань, расходов на оплату стоимости проезда и провоза багажа к месту проведения отпуска на черноморском побережье российской федерации и обратно воздушным транспортом, а также расходов на оплату стоимости проезда и провоза багажа находящихся на их иждивении несовершеннолетних детей и иных несовершеннолетних лиц в возрасте до 18 лет».  "
"Забота компании о работнике | Коллективный договор | Какие выплаты полагаются сотруднику ОАО «РЖД» в связи с беременностью, родами и в течение отпуска по уходу за ребенком? | Размер выплаты по беременности и родам, предоставляемый Компанией? | В каком размере компании производит выплаты по беременности и родам? |  | выплаты по беременности и родам | размер декретных | ","В соответствии с коллективным договором оао «ржд» на 2023-2025 годы, работнику оао «ржд» (одному из родителей) при рождении или усыновлении (в любом возрасте) ребенка выплачивается материальная помощь на каждого ребенка сверх пособия, установленного законодательством рф в размере:
в 2023 году - 5 775 рублей, в 2024 году - 6 050 рублей, в 2025 году – 6 300 рублей.
также работодателем, за счет средств фонда социального страхования рф, к пособию по беременности и родам производится доплата, выплачиваемая для доведения общего размера выплаты до среднемесячного заработка работника. 
работникам оао «ржд», находящимся в отпуске по уходу за ребенком в возрасте от 1,5 до 3 лет выплачивается ежемесячное пособие на каждого ребенка в размере:
в 2023 году - 5 775 рублей, в 2024 году - 6 050 рублей, в 2025 году – 6 300 рублей.
при этом до достижения ребенком возраста 1,5 лет пособие выплачивается за счет средств фонда социального страхования в размере, определенном законодательством рф.  "
"ЗОЖ | спорт, компенсация | Как возмещаются занятия спортом согласно кол договора | Каким образом осуществляется возмещение средств за занятия спортом, согласно коллективному договору?  | Как можно возместить средства, потраченные на занятия спортом? | Как возмещаются средства за занятия спортом с учётом коллективного договора? | Как возместить деньги за спорт. занятия? | Как согласно кол. договору вернуть деньги за спорт? | Как по кол. договору возвращать деньги за спорт. занятия?","Согласно п. 7.33 кд ""осуществлять частичную компенсацию затрат работников на занятия физической культурой в порядке, установленном в компании с учетом мотивированного мнения выборного органа профсоюза, из расчет 400 рублей на одного работника в год.  "
"ЗОЖ | спорт, фитнес | Возможности занятий спортом в компании | Какие есть возможности для занятий спортом в компании? | Как компания поддерживает сотрудников в занятиях спортом? | Какие возможности предоставляет компания для занятий спортом? | Какие возможности для занятий спортом? | Что предоставляет компания для занятий спортом? | Возможный спорт в компании?","Вы можете заниматься в секции от оао «ржд», а также компенсировать занятия в фитнес клубе.

подробнее в положении о физкультурно-спортивных клубах в оао «ржд», утвержденное распоряжением оао «ржд» от 16 февраля 2022 г. №377/р  
"
ЗОЖ | спорт | Льготы на занятия спортом | Какие есть льготы на занятия спортом? | Есть ли льготы на занятия спортом? | Предоставляются ли льготы на занятия спортом? | Льготы на спорт занятия? | Дают льготы на спорт? | Предоставляются льготы на спорт занятия?,"Компания частично компенсирует затраты на занятия физической культурой из расчета 400 руб. на одного работника в год (в соответствии с пунктом 7.33 коллективного договора оао «ржд» на 2023-2025 годы).
право на частичную компенсацию затрат имеют работники, не занимающиеся в физкультурно-спортивных клубах компании.
размер компенсации устанавливается комиссией в процентах от полной стоимости абонемента, исходя из средств, предусмотренных в бюджете предприятия на эти цели с учетом поданных заявлений, но не более 20 000 (двадцать тысяч) рублей одному работнику в год. комиссия выносит решение о предоставлении компенсации работнику и сумме компенсации (в рублях).  "
"ЗОЖ | Профсоюз | Проводятся ли культурно-массовые, творческие, спортивные мероприятия для работников? | Организуются ли культурно-массовые, творческие, спортивные мероприятия для работников? | Где узнать о проведении культурно-массовых, творческих, спортивных мероприятиях для работников? | Проводятся ли культурно-массовые, творческие, спортивные мероприятия для работников? | Что проводится для сотрудников? | Какие мероприятия есть для сотрудников? | Как поучаствовать в досуговой деятельности?","Узнать о предстоящих соревнованиях можно из утвержденного единого плана физкультурных и массовых спортивных мероприятий оао «ржд», а также в приложении «пульс».

скачать приложение «пульс» можно по ссылке pulse.mp.rzd.ru и войти через сервисный портал работника оао «ржд»

данная деятельность регламентируется положением о развитии в оао «ржд» массовой физической культуры и спорта среди работников компании и членов их семей, утвержденное распоряжением оао «ржд» от 5 августа 2019 г. №1686/р.  "
ЗОЖ | Профсоюз | Спортивная программа для работников. | Какие меры поддержи в спортивной сфере есть в компании? | Какие спортивные секции доступны сотрудникам? | Какие меры поддержки занятий спортом есть для сотрудников? | Какие спорт секции для сотрудников? | Меры поддержи в спорт сфере есть в компании? | ,"Узнать о предстоящих соревнованиях вы можете из утвержденного единого плана физкультурных и массовых спортивных мероприятий оао «ржд», а также в приложении «пульс».

скачать приложение «пульс» можно по ссылке pulse.mp.rzd.ru и войти через сервисный портал работника оао «ржд»

данная деятельность регламентируется положением о развитии в оао «ржд» массовой физической культуры и спорта среди работников компании и членов их семей, утвержденное распоряжением оао «ржд» от 5 августа 2019 г. №1686/р.  "
Жилищная политика | ипотека | Как получить льготную ипотеку | Как получить ипотеку? | Как получить льготную ипотеку от ОАО «РЖД» | Куда обратиться для получения ипотечного кредитования? |  |  | ,"Подать документы для постановки на учет для предоставления корпоративной поддержки при приобретении жилья в собственность в отдел кадров подразделения по месту работы/соответствующую жилищную комиссию Узнать подробнее Основанием постановки на учет является нуждаемость в улучшении жилищных условий, которая определяется ст.51 жк рф, требуемый стаж работы в оао «ржд» не менее 3-х лет, должность/профессия/категория учтена в перечне профессий работников, которые могут воспользоваться корпоративной поддержкой оао «ржд». молодые специалисты, принятые в оао «ржд» после окончания образовательной организации на основании договора о целевой подготовке, договора по доп. проф. образованию (авторский класс) или направленные на работу по заявке подразделения оао «ржд», ставятся на учет независимо от стажа работы в оао «ржд» и занимаемой должности. при оформлении субсидированного ипотечного кредита указанная категория работников выплачивает ставку 2%, остальные - 4,5%"
Жилищная политика | ипотека | В каких случаях работник ОАО «РЖД» может быть снят с учета для предоставления корпоративной поддержки? | Отказ в учете на предоставление корпоративной поддержки |  |  | Снятие с учета на ипотеку | Сняли с учета на корпоративную поддержку | ,"Решением жилищной комиссии работник может быть снят с учета по следующим действиям работника или членов его семьи с целью намеренного ухудшения своих жилищных условий Узнать подробнее Решением жилищной комиссии работник может быть снят с учета по следующим действиям работника или членов его семьи с целью намеренного ухудшения своих жилищных условий: 
- изменения порядка пользования жилым помещением путем совершения сделок;
- обмена жилыми помещениями;
- невыполнения условий договоров о пользовании жилыми помещениями, повлекшее выселение граждан в судебном порядке;
изменения состава семьи, в том числе в результате расторжения брака;
- вселения в жилое помещение иных лиц, не являющихся членами семьи (за исключением вселения временных жильцов);
- выделения доли или изменение долей собственниками жилых помещений;
- отчуждения имеющегося в собственности работника и членов его семьи жилого помещения, либо доли жилого помещения;
- самостоятельного улучшения работником или членами его семьи жилищных условий;
- увольнения из оао «ржд», в том числе в связи с выходом на пенсию;
- увольнения из оао «ржд» в связи со службой в рядах вооруженных сил российской федерации. при этом по окончании службы и восстановлении трудовых отношений с оао «ржд» работник оао «ржд» может быть восстановлен на учете по дате первоначальной постановки на учет в соответствии с решением жилищной комиссии;
- утраты оснований для предоставления корпоративной поддержки или не предоставления документов, подтверждающих основания нахождения на учете для предоставления корпоративной поддержки в течение трех месяцев после запроса жилищной комиссии;
- получения финансовой помощи (субсидии) для улучшения жилищных условий от органов государственной власти или местного самоуправления;
- оказания корпоративной поддержки по одной из форм, предусмотренных п. 1 раздела i правил предоставления работникам оао «ржд» корпоративной поддержки при приобретении ими жилых помещений в собственность (участии в долевом строительстве), утвержденных распоряжением оао «ржд» № 1555/р от 21.07.2020;
- отказа от приобретения жилого помещения с корпоративной поддержкой оао «ржд» по причине неплатежеспособности. при достижении платежеспособности в течение двух лет с даты снятия с учета работник может быть восстановлен на учете для предоставления корпоративной поддержки по первоначальной дате, на основании личного заявления в соответствии с решением жилищной комиссии.
"
Забота о работниках | Статус молодого специалиста | До достижения какого возраста сохраняется статус молодого специалиста в ОАО «РЖД»? | Как долго буду считаться молодым специалистом в компании? |  |  | возраст молодого специалиста? |  | ,До наступления возраста 30 лет.   
Коллективный договор | день без содержания | О возможности взять день без содержания на 1 сентября | Как оформить день без содержания на 1-ое сентября |  |  |  | взять б/с на день знаний | заявление  б/с на день знаний,"В соответствии с п. 7.18 коллективного договора оао «ржд» на 2023-2025 годы работодатель обязан предоставлять работникам - одному из родителей (опекунов) детей, обучающихся в общеобразовательных учреждениях, один день отпуска без сохранения заработной платы в день знаний (1 сентября) или в другой первый день начала занятий. указанный день отпуска предоставляется по заявлению работника.

работники, являющиеся участниками электронного документооборота в сфере трудовых отношений в оао «ржд», направляют заявление посредством сервисного портала работника, руководителя и неработающего пенсионера оао «ржд».  "
"Режим труда и отдыха | б/с | Сколько можно брать б/с в год? | Ограничено ли количество дней отпуска без содержания, которые я могу взять? |  |  | количество дней б/с в год |  | ","По семейным обстоятельствам и другим уважительным причинам работнику по его письменному заявлению может быть предоставлен отпуск без сохранения заработной платы, продолжительность которого определяется по соглашению между работником и работодателем. таким образом, работник и работодатель вправе договориться о любой продолжительности отпуска без сохранения заработной платы. Подробнее Согласно ст. 128 тк рф по семейным обстоятельствам и другим уважительным причинам работнику по его письменному заявлению может быть предоставлен отпуск без сохранения заработной платы, продолжительность которого определяется по соглашению между работником и работодателем. таким образом, работник и работодатель вправе договориться о любой продолжительности отпуска без сохранения заработной платы.

некоторым категориям работников работодатель обязан на основании письменного заявления работника предоставить отпуск без сохранения заработной платы.

согласно п. 5.25 коллективного договора оао «ржд» на 2023-2025 годы работодатель обязан предоставлять, при наличии производственных возможностей, по заявлению, поданному в письменной или электронной форме в установленном порядке, отпуск без сохранения заработной платы продолжительностью до 14 календарных дней в календарном году в удобное для него время:
работнику, имеющему ребенка в возрасте до 14 лет;
работнику, имеющему ребенка-инвалида в возрасте до 18 лет;
работникам, осуществляющим уход за членом семьи или иным родственником, являющимся инвалидом i группы;
работнику – волонтеру.
такой отпуск по заявлениям работников указанных категорий, поданным в письменной или электронной форме в установленном порядке, может быть присоединен к ежегодному оплачиваемому отпуску или использован отдельно полностью либо по частям. перенесение этого отпуска на следующий год не допускается.

работники, являющиеся участниками электронного документооборота в сфере трудовых отношений в оао «ржд», направляют соответствующее заявление посредством сервисного портала работника, руководителя и неработающего пенсионера оао «ржд»."
Коллективный договор | информация о компании | Где посмотреть коллективный договор нашей компании? |  | Где могу ознакомиться с коллективным договором? |  | ссылка на кол договор | кол договор компании | текст кол договора,"Получить подробную информацию о льготах и гарантиях, предоставляемых коллективным договором, работник может:
- у специалистов по управлению персоналом;
- в профсоюзной организации;
- на сервисном портале работника;
- в блогах на сервисном портале работника («трансформация социальной сферы», «социальная защита», «окно в мир жилищной политики оао «ржд», «волонтеры ржд»).

также в оао «ржд» разработан путеводитель по льготам с пошаговым алгоритмом их предоставления Подробнее о путеводителе Это приложение к коллективному договору, которое разъясняет предоставление льгот в простом и доступном формате с пошаговым алгоритмом. 
путеводитель структурирован в пакетные предложения под жизненные ситуации работника и включает в себя 11 тематических блоков:
1. бесплатный проезд.
2. отпуск. 
3. здоровье.
4. досуг.
5. семья (семейное благополучие).
6. компенсируемый социальный пакет. бонусный пакет.
7. молодежь.
8. комфортные условия
9. перед выходом на пенсию.
10. корпоративное волонтерство.
11. здоровый образ жизни."
Молодежная политика | целевая программа | Что такое молодежная политика? | Что включает в себя молодежная политика РЖД? |  | Что подразумевает молодежная политика ОАО «РЖД» | Мол политика РЖД  |  | ,"Молодежная политика оао «ржд» - это комплексная система для создания условий по развитию молодых работников, их профессионального и личностного развития, а также творческой самореализации. 

основополагающим документом по реализации молодежной политики является целевая программа «молодежь оао «ржд», в которой ты сможешь узнать более подробно об основных направлениях работы с молодежью.

узнать детальную информацию о проводимых молодежных мероприятиях можно на сервисном портале в разделе ""молодежь ржд"", а также в социальных сетях ""молодежь ржд"":
телеграм: https://t.me/molodezrzd
вконтакте: https://vk.com/molodezrzd  "
"Адаптация | стажировка, стажировка по охране труда на рабочем месте | Где посмотреть документ по стажировке по ОТ? | Порядок прохождения стажировки по ОТ | Как организуется стажировка по ОТ? |  | док по стажировке по ОТ | организация стажировки по ОТ | стажировка по ОТ какие доки","Требования к организации и проведению стажировки по охране труда на рабочем месте работников оао «ржд» содержатся в подразделе 7.4 сто ржд 15.011-2023 «система управления охраной труда в оао «ржд». организация обучения», утвержденным распоряжением оао «ржд» от 17 апреля 2023 г. № 947/р.                                                                                       Привести цитаты из указанного документа? Основные (общие) требования к организации и проведению стажировки по охране труда на рабочем месте работников оао «ржд» содержатся в подразделе 7.4 сто ржд 15.011-2023 «система управления охраной труда в оао «ржд». организация обучения», утвержденного распоряжением оао «ржд» от 17 апреля 2023 г. № 947/р
в соответствии с п. 7.4.4: «отдельные требования к порядку проведения стажировки на рабочем месте, к руководителям стажировки, а также к продолжительности и месту ее проведения устанавливают распорядительным документом филиала оао «ржд» или его структурного подразделения, с учетом мнения выборного органа первичной профсоюзной организации.»
"
Заработная плата | сверхурочная работа | Как оплачивается работа в выходные и праздничные дни? |  |  |  | работа в выходные | переработка  | работа в праздничные,"Работа в выходные и нерабочие праздничные дни оплачивается не менее чем в двойном размере. по желанию работника ему может быть предоставлен другой день отдыха (при этом работа в выходной или нерабочий праздничный день оплачивается в одинарном размере, а день отдыха оплате не подлежит). порядок компенсации за работу в выходные и нерабочие праздничные дни не зависит от должности, занимаемой работником.

сверхурочная работа оплачивается за первые два часа работы не менее чем в полуторном размере, за последующие часы - не менее чем в двойном размере. по желанию работника сверхурочная работа вместо повышенной оплаты может компенсироваться предоставлением дополнительного времени отдыха, но не менее времени, отработанного сверхурочно. порядок компенсации за сверхурочную работу не зависит от должности, занимаемой работником. Рассказать подробнее Согласно ст. 113 тк рф привлечение работников к работе в выходные и нерабочие праздничные дни производится с их письменного согласия (кроме случаев, установленных действующим законодательством).

работодатель в обязательном порядке (до момента привлечения):
получает письменное согласие работника на привлечение к работе в выходные и нерабочие праздничные дни;
получает мотивированное мнение выборного органа первичной профсоюзной организации;
издает приказ о привлечении к работе в выходные и нерабочие праздничные дни и знакомит работника с ним под роспись.

получение согласия работников, являющихся участниками электронного документооборота в сфере трудовых отношений в оао «ржд», а также ознакомление их с приказом о привлечении к работе в выходные и нерабочие праздничные дни осуществляется посредством сервисного портала работника, руководителя и неработающего пенсионера оао «ржд».

согласно ст. 153 тк рф работа в выходные и нерабочие праздничные дни оплачивается не менее чем в двойном размере. по желанию работника ему может быть предоставлен другой день отдыха (при этом работа в выходной или нерабочий праздничный день оплачивается в одинарном размере, а день отдыха оплате не подлежит). порядок компенсации за работу в выходные и нерабочие праздничные дни не зависит от должности, занимаемой работником.

согласно ст. 99 тк рф привлечение работников к сверхурочной работе производится с их письменного согласия (кроме случаев, установленных действующим законодательством).

работодатель в обязательном порядке (до момента привлечения):
получает письменное согласие работника на привлечение к сверхурочной работе;
получает мотивированное мнение выборного органа первичной профсоюзной организации;
издает приказ о привлечении к сверхурочной работе и знакомит работника с ним под роспись.

продолжительность сверхурочной работы не должна превышать для каждого работника 4 часов в течение двух дней подряд и 120 часов в год.

согласно ст. 152 тк рф сверхурочная работа оплачивается за первые два часа работы не менее чем в полуторном размере, за последующие часы - не менее чем в двойном размере. по желанию работника сверхурочная работа вместо повышенной оплаты может компенсироваться предоставлением дополнительного времени отдыха, но не менее времени, отработанного сверхурочно. порядок компенсации за сверхурочную работу не зависит от должности, занимаемой работником."
Заработная плата | сверхурочная работа | Что делать если не оплачивают сверхурочную работу? | Как оплачивается сверхурочная работа |  |  | оплата сверхурочки | сверхурочка | Как высчитывается сверхурочная работа?,"Работа в выходные и нерабочие праздничные дни оплачивается не менее чем в двойном размере. по желанию работника ему может быть предоставлен другой день отдыха (при этом работа в выходной или нерабочий праздничный день оплачивается в одинарном размере, а день отдыха оплате не подлежит). порядок компенсации за работу в выходные и нерабочие праздничные дни не зависит от должности, занимаемой работником.

сверхурочная работа оплачивается за первые два часа работы не менее чем в полуторном размере, за последующие часы - не менее чем в двойном размере. по желанию работника сверхурочная работа вместо повышенной оплаты может компенсироваться предоставлением дополнительного времени отдыха, но не менее времени, отработанного сверхурочно. порядок компенсации за сверхурочную работу не зависит от должности, занимаемой работником. Подробнее Согласно ст. 113 тк рф привлечение работников к работе в выходные и нерабочие праздничные дни производится с их письменного согласия (кроме случаев, установленных действующим законодательством).

работодатель в обязательном порядке (до момента привлечения):
получает письменное согласие работника на привлечение к работе в выходные и нерабочие праздничные дни;
получает мотивированное мнение выборного органа первичной профсоюзной организации;
издает приказ о привлечении к работе в выходные и нерабочие праздничные дни и знакомит работника с ним под роспись.

получение согласия работников, являющихся участниками электронного документооборота в сфере трудовых отношений в оао «ржд», а также ознакомление их с приказом о привлечении к работе в выходные и нерабочие праздничные дни осуществляется посредством сервисного портала работника, руководителя и неработающего пенсионера оао «ржд».

согласно ст. 153 тк рф работа в выходные и нерабочие праздничные дни оплачивается не менее чем в двойном размере. по желанию работника ему может быть предоставлен другой день отдыха (при этом работа в выходной или нерабочий праздничный день оплачивается в одинарном размере, а день отдыха оплате не подлежит). порядок компенсации за работу в выходные и нерабочие праздничные дни не зависит от должности, занимаемой работником.

согласно ст. 99 тк рф привлечение работников к сверхурочной работе производится с их письменного согласия (кроме случаев, установленных действующим законодательством).

работодатель в обязательном порядке (до момента привлечения):
получает письменное согласие работника на привлечение к сверхурочной работе;
получает мотивированное мнение выборного органа первичной профсоюзной организации;
издает приказ о привлечении к сверхурочной работе и знакомит работника с ним под роспись.

продолжительность сверхурочной работы не должна превышать для каждого работника 4 часов в течение двух дней подряд и 120 часов в год.

согласно ст. 152 тк рф сверхурочная работа оплачивается за первые два часа работы не менее чем в полуторном размере, за последующие часы - не менее чем в двойном размере. по желанию работника сверхурочная работа вместо повышенной оплаты может компенсироваться предоставлением дополнительного времени отдыха, но не менее времени, отработанного сверхурочно. порядок компенсации за сверхурочную работу не зависит от должности, занимаемой работником."
Оплата труда | Начисление заработной платы | Почему работникам с суммированным учетом рабочего времени не оплачивается в двойном размере работа в субботу-воскресенье? |  |  |  | оплата в двойном | оплата в выходные дни | Оплат в двойном размере в субботу и воскресенье?,"В соответствии со статьей 111 тк рф у работодателей, приостановка работы у которых в выходные дни (суббота-воскресенье) невозможна по производственно-техническим и организационным условиям, выходные дни предоставляются в различные дни недели поочередно каждой группе работников согласно правилам внутреннего трудового распорядка. Подробнее В соответствии со статьей 111 тк рф у работодателей, приостановка работы у которых в выходные дни (суббота-воскресенье) невозможна по производственно-техническим и организационным условиям, выходные дни предоставляются в различные дни недели поочередно каждой группе работников согласно правилам внутреннего трудового распорядка. если такой работник будет привлечен к работе в выходной день, установленный ему правилами внутреннего трудового распорядка и графиком сменности, то этот день будет оплачен в двойном размере, либо по желанию работника, работавшего в выходной или нерабочий праздничный день, ему может быть предоставлен другой день отдыха. в этом случае работа в выходной день оплачивается в одинарном размере, работа в нерабочий праздничный оплачивается в двойном размере, а день отдыха оплате не подлежит."
Организация труда | Заработная плата | Где получить расчетный лист? |  |  |  | Расчетка | где расчетный лист? | где смотреть зп?,"При выплате заработной платы работодатель обязан извещать работника расчетным листком (в письменной форме или при согласии работника в электронной форме посредством сервисного портала работника).

при выплате заработной платы работодатель обязан извещать работника расчетным листком (в письменной форме или при согласии работника в электронной форме посредством сервисного портала работника).  "
Заработная плата | индексация | Как часто индексируется зарплата? |  |  |  | индексация | как часто индексируют з/п? | Частота индексации зарплаты?,Для повышения реальных доходов работников оао «ржд»  заработная плата индексируется не реже двух раз в год в связи с прогнозируемым министерством экономического развития российской федерации ростом потребительских цен на товары и услуги.  
Заработная плата | индексация | Какой процент индексации ожидается в 2024 году? |  |  |  |  | процент индексации на 2024 г? | Частота индексации зарплаты в 2024?,"Для повышения реальных доходов работников оао «ржд»  заработная плата индексируется не реже двух раз в год в связи с прогнозируемым министерством экономического развития российской федерации ростом потребительских цен на товары и услуги.
с 1 февраля 2024 года заработная плата работников компании проиндексирована на 4%, в том числе опережающим темпом на 1,8%.    "
"Заработная плата | индексация, Коллективный договор, заработная плата | Как получить больше денег? | Каким образом я могу увеличить мой доход в компании? |  |  | способы увеличить зп |  | ","Заработная плата работников компании формируется из следующих составных частей: тарифная ставка (должностной оклад); выплаты компенсационного характера; выплаты стимулирующего характера; премии согласно положению о премировании филиала, структурного подразделения филиала или структурного подразделения оао «ржд».
каждому работнику компании при наличии соответствующего уровня образования предоставляется возможность реализовать свой профессиональный потенциал, и, соответственно, повысить уровень своей заработной платы. 
кроме того, на сервисном портале работника оао «ржд» есть возможность смоделировать свой доход в разделе ""мой доход - мой возможный доход"", исходя из утвержденной в компании системы оплаты труда.  "
Заработная плата | отпуск | Сумма отпускных | Как рассчитывается сумма отпускных? |  |  | оплата отпуска | расчет отпускных | сумма отпускных,"Дни отпуска работникам рассчитываются по среднему дневному заработку.

оплата отпуска производится не позднее чем за три дня до его начала. отпускные работникам считают по среднему дневному заработку. при расчете нужно руководствоваться:
- статьей 139 трудового кодекса;
- особенностями порядка исчисления средней заработной платы, утвержденными постановлением правительства рф от 24.12.2007 n 922.
  "
"Заработная плата | преданность | Что такое ""преданность""? | Кому положена преданность? |  |  | преданность | выслуга | ","В оао «ржд» за непрерывную продолжительную работу в компании выплачивается единовременное вознаграждение за преданность компании.
 Подробнее о размерах единовременного вознаграждения В оао «ржд» за непрерывную продолжительную работу в компании выплачивается единовременное вознаграждение за преданность компании. вознаграждение выплачивается в следующих размерах:
- 2 месячные тарифные ставки (должностных оклада) - 
при непрерывной продолжительности работы 3 года;
- 3 месячные тарифные ставки (должностных оклада) - 
при непрерывной продолжительности работы 5 лет;
- 4 месячные тарифные ставки (должностных оклада) - 
при непрерывной продолжительности работы 10 лет;
- 5 месячных тарифных ставок (должностных оклада) - 
при непрерывной продолжительности работы 15 лет и далее через каждые 5 лет непрерывной работы.
"
"Оплата труда | Начисление заработной платы | Кому выплачиваются компенсации за разъездной характер работы? | Мне положены суточные, если направляют в командировку? |  | Кому выплачиваются суточные? | категории работников, кому выплачиваются суточные |  | ","В соответствии положением о возмещении расходов, связанных 
со служебными поездками работников филиалов оао «ржд», постоянная работа которых осуществляется в пути следования железнодорожного подвижного состава или имеет разъездной характер, утвержденным распоряжением № 2343р от 31 октября 2011 г., устанавливаются компенсационные выплаты (суточные) для возмещения дополнительных расходов, связанных с проживанием вне места постоянного жительства, и расходов на питание в служебных поездках следующим работникам: 
- постоянная работа, которых осуществляется в пути следования железнодорожного подвижного состава (это обслуживание вагонов, поездов, рефсекций, а также локомотивные бригады);
- постоянная работа которых имеет разъездной характер, 
т.е. выполняющим работу на линии вне места расположения структурного подразделения или постоянного пункта сбора; 
- или выполняющим работы на отдаленных объектах, когда нет возможности ежедневно возвращаться к месту жительства.
перечень профессий и должностей работников, которым выплачиваются суточные, устанавливает руководитель филиала оао «ржд» с учётом мнения профсоюза. 

 Подробнее Суточные выплачиваются:
- за каждые сутки нахождения в поездке при выполнении работы в пути следования железнодорожного состава, при этом время в поездке 12 и более часов, но менее полных суток, учитывается как одни сутки; 
- за каждую поездку туда и обратно продолжительностью не менее
7 часов работникам локомотивных бригад при работе с пассажирскими поездами;
- за каждую поездку туда и обратно работникам локомотивных бригад при работе с грузовыми (кроме передаточных и вывозных) и пригородных поездами:
- продолжительностью не менее 7 часов - в одинарном размере;
- продолжительностью не менее 12 часов при работе не менее чем
на 3 участках обслуживания локомотивных бригад с предоставлением второго отдыха в пункте оборота (подмены) - в двойном размере. 
работающим на отдаленных объектах, когда нет возможности ежедневно возвращаться к месту жительства, суточные выплачиваются за каждые сутки нахождения на таких объектах.
выполняющим работу на линии вне места расположения структурного подразделения или постоянного пункта сбора суточные выплачиваются за каждую поездку, если проезд от места расположения структурного подразделения или постоянного пункта сбора до места выполнения работы и обратно осуществляется в нерабочее время и превышает два часа. если проезд к месту работы и обратно осуществляется в рабочее время, в пределах графика, либо служебные поездки совершаются 
в пределах железнодорожного узла или станции, суточные за такую поездку не выплачиваются.
размер суточных с 1 февраля 2024 г. составляет 309,05 руб., индексируется одновременно с заработной платой."
Оплата труда | Начисление заработной платы | В каком размере выплачиваются компенсации за разъездной характер работы? |  |  | Что мне оплатят в командировке? | размер суточных |  | ,"В соответствии положением о возмещении расходов, связанных 
со служебными поездками работников филиалов оао «ржд», постоянная работа которых осуществляется в пути следования железнодорожного подвижного состава или имеет разъездной характер, утвержденным распоряжением № 2343р от 31 октября 2011 г., устанавливаются компенсационные выплаты (суточные) для возмещения дополнительных расходов, связанных с проживанием вне места постоянного жительства, и расходов на питание в служебных поездках в размере 322 руб. ( с 1 марта 2024 г), индексируется одновременно с заработной платой. Подробнее Перечень профессий и должностей работников, которым выплачиваются суточные, устанавливает руководитель филиала оао «ржд» с учётом мнения профсоюза. 

суточные выплачиваются:
- за каждые сутки нахождения в поездке при выполнении работы в пути следования железнодорожного состава, при этом время в поездке 12 и более часов, но менее полных суток, учитывается как одни сутки; 
- за каждую поездку туда и обратно продолжительностью не менее
7 часов работникам локомотивных бригад при работе с пассажирскими поездами;
- за каждую поездку туда и обратно работникам локомотивных бригад при работе с грузовыми (кроме передаточных и вывозных) и пригородных поездами:
- продолжительностью не менее 7 часов - в одинарном размере;
- продолжительностью не менее 12 часов при работе не менее чем
на 3 участках обслуживания локомотивных бригад с предоставлением второго отдыха в пункте оборота (подмены) - в двойном размере. 
работающим на отдаленных объектах, когда нет возможности ежедневно возвращаться к месту жительства, суточные выплачиваются за каждые сутки нахождения на таких объектах.
выполняющим работу на линии вне места расположения структурного подразделения или постоянного пункта сбора суточные выплачиваются за каждую поездку, если проезд от места расположения структурного подразделения или постоянного пункта сбора до места выполнения работы и обратно осуществляется в нерабочее время и превышает два часа. если проезд к месту работы и обратно осуществляется в рабочее время, в пределах графика, либо служебные поездки совершаются 
в пределах железнодорожного узла или станции, суточные за такую поездку не выплачиваются.
размер суточных с 1 марта 2024 г. составляет 322 руб., индексируется одновременно с заработной платой."
"Оплата труда | Оплата Сверхурочной работы | Как оплачивается работа по графику в нерабочий праздничный день? | Сколько заплатят, если работаю в праздник? |  | правила оплаты работы по официальным праздникам |  |  | ","Согласно положению о корпоративной системе оплаты труда работников филиалов и структурных подразделений оао «ржд» работа в нерабочий праздничный день, предусмотренный графиком работника, оплачивается в двойном размере: сдельщикам - по двойным сдельным расценкам; работникам, труд которых оплачивается по часовым тарифным ставкам, - в размере двойной часовой тарифной ставки; работникам, получающим оклад, - в размере одинарной доли оклада за час работы сверх оклада.   "
Оплата труда | Начисление заработной платы | Учитываются ли районные коэффициенты при начислении заработной платы работников ОАО «РЖД»? | Какие районные коэффициенты применяются в компании? |  | Применяются ли в компании районные коэффициенты при расчете заработной платы? | размер районных коэффициентов в компании |  | ,"К заработной плате работников оао «ржд» в обязательном порядке применяются районные коэффициенты, установленные федеральным законодательством (статьи 315, 316 и 317 тк рф). 
согласно пункту 6.4 положения о корпоративной системе оплаты труда работников филиалов и структурных подразделений оао «ржд» в тех регионах расположения железных дорог, в которых субъектами рф установлены повышенные по сравнению с установленными правительством российской федерации размеры районных коэффициентов, - к заработной плате работников железных дорог могут применяться более высокие размеры районных коэффициентов. 
решение о применении повышенных районных коэффициентов, установленных субъектами рф, принимается начальником железной дороги. если применение повышенных районных коэффициентов, установленных субъектами рф, предусмотрено нормативным документом железной дороги, руководителем филиала оао «ржд» устанавливаются аналогичные размеры районных коэффициентов для работников подразделений филиала, осуществляющих свою деятельность в границах соответствующей железной дороги.
  "
Оплата труда | Начисление заработной платы | Кому положена доплата за вредные условия труда? | Кому в компании компенсируют работу при вредных условиях работы? |  | Как учитываются вредные условия работы при оплате труда? | если работаю во вредных условиях труда доплатят? |  | ,"По условиям труда рабочие места делятся на четыре класса: первый – это оптимальные, второй - допустимые, третий класс - вредные и четвёртый класс - опасные условия труда. уровень вреда и опасности определяется по результатам специальной оценки условий труда. работодатель обязан ознакомить сотрудника с результатом проведённой на его рабочем месте специальной оценки условий труда. в карте специальной оценки есть графа, где работник должен поставить свою подпись. в компании компенсации в виде доплат, дополнительного оплачиваемого отпуска и сокращённого рабочего дня предоставляются работникам, начиная с третьего класса условий труда.
доплата за вредные условия труда устанавливается, начиная с класса 3.1, дополнительный отпуск – с класса 3.2 и сокращённый рабочий день с класса 3.3.
виды и размеры компенсаций работникам, занятым на работах с вредными условиями труда, указываются в трудовом договоре и правилах внутреннего трудового распорядка структурного подразделения. Показать размер доплат По результатам специальной оценки условий труда в соответствии с установленным в оао «ржд» порядком работникам устанавливаются доплаты в размере:
- 4% тарифной ставки (должностного оклада) – при вредных условиях труда 1 и 2 степени (класс 3.1 и 3.2);
- 6% при вредных условиях труда 3 степени (класс 3.3);
- 10% при вредных условиях труда 4 степени (класс 3.4); 
- 12% при опасных условиях труда (класс 4)."
"Оплата труда | Начисление заработной платы | Какие доплаты предусмотрены персоналу компании, работающему на территории БАМ? |  |  |  | доплаты за работу на БАМ | Размер доплаты за работу на БАМ | ","В целях привлечения и сохранения персонала на предприятиях на территории байкало-амурской магистрали, с 1 января 2019 г. выплачивается ежемесячная стимулирующая надбавка в размере 10% оклада (тарифной ставки) работникам подразделений оао «ржд», расположенных на следующих участках байкало-амурской магистрали:
от станции лена, включая станцию, до станции комсомольск-на-амуре, исключая станцию;
от станции штурм до станции нерюнгри-грузовая, включая обе станции;
от станции известковая, исключая станцию, до станции чегдомын, включая станцию.

кроме того, этим работникам через каждые 5 лет работы выплачивается единовременное вознаграждение за стаж работы в районе бама в размере 1,5 оклада (месячной тарифной ставки).  "
Заработная плата | расчет | Как разобраться в заработной квитанции? | Кто поможет разобраться в расчетке | К кому обратиться по расчетке? |  | вопросы по расчетке |  | ,"Ознакомиться с расчетным листком можно на сервисном портале работника оао «ржд». в случая наличия вопросов можно обратитесь к специалисту вашего подразделения, в введении которого находятся вопросы организации и оплаты труда.  "
"Заработная плата | сверхурочная работа | Как оплачиваются дни, когда меня направляют в выходные и праздничные дни в командировку? | Если направляют на работу в выходные - как оплатят? | Мне оплатят работу в выходные? |  |  |  | ","За работником в период командировки сохраняется средний заработок - за все дни работы по графику, установленному в командирующей организации (п.9 положения об особенностях направления работников в служебные командировки, утвержденного постановлением правительства рф от 13.10.2008 г. № 749). оплата труда работника в случае привлечения его в период командировки к работе в выходные или нерабочие праздничные дни производится в соответствии с трудовым законодательством рф (п.5 вышеуказанного положения), т.е. точно так же, как и в случае работы в выходной день по основному месту работы работника. согласно ст.153 трудового кодекса рф работа в выходные или нерабочие праздничные дни оплачивается не менее чем в двойном размере, в оао «ржд» - в размере двойной часовой тарифной ставки (части оклада). по желанию работника, работавшего в выходной или нерабочий праздничный день, ему может быть предоставлен другой день отдыха (полный рабочий день (смена) по графику работы конкретного работника). в этом случае день отдыха оплате не подлежит, работа в выходной день оплачивается в одинарном размере. для работников, работавших в нерабочий праздничный день, в компании предусмотрены более высокие по сравнению с трудовым законодательством гарантии: работа в нерабочий праздничный день во всех случаях (независимо от предоставления или не предоставления дополнительного дня отдыха) оплачивается в двойном размере, другой день отдыха в случае его предоставления оплате не подлежит.  "
Заработная плата | срок выплаты | Когда будет зарплата |  | Сроки выплаты заработной платы? |  | когда будет зп | сроки зарплаты | ,"Заработная плата выплачивается не реже, чем каждые полмесяца. конкретная дата выплаты заработной платы устанавливается правилами внутреннего трудового распорядка подразделения.
 Подробнее о сроках выплаты заработной платы Заработная плата выплачивается не реже, чем каждые полмесяца. конкретная дата выплаты заработной платы устанавливается правилами внутреннего трудового распорядка. выплата заработной платы за первую половину месяца производится в размере 50% тарифной ставки (оклада) с учетом отработанного времени. минимальный размер указанной выплаты должен быть не ниже тарифной ставки (оклада) за отработанное время. в районах крайнего севера и приравненных к ним местностях, а также в местностях, где в соответствии с законодательством 
российской федерации и локальными нормативными актами компании (филиалов компании) установлены районные коэффициенты к заработной плате, выплату заработной платы за первую половину месяца производить с учетом установленных процентных надбавок и районных коэффициентов. с 1 января 2023 года перечисление работникам «аванса» за январь 2023 года (в последующие месяцы) с данной выплаты будет произведено удержание ндфл, в связи с чем сумма, которую получит работник, будет уменьшена на размер произведенных удержаний.
"
Организация работы | график работы | Можно ли изменить рабочий график в пределах 15-30 минут по заявлению? | Как изменить график рабочего времени? | Есть ли возможность индивидуального графика работы? |  | изменения графика рабочего времени |  | ,"Согласно ст. 72 тк рф изменение определенных сторонами условий трудового договора, в том числе режима рабочего времени, допускается по соглашению сторон трудового договора. 

изменение режима рабочего времени по заявлению работника возможно при согласии работодателя. соглашение об изменении определенных сторонами условий трудового договора заключается в письменной форме.  "
Организация работы | график работы | Есть возможность внести удаленку или плавный график работы? |  |  | Как могу перейти на дистанционный режим работы? | дистанционный режим работы | удаленка | ,"Дистанционная работа устанавливается  работодателем для выполнения трудовой функции, передачи результатов работы и отчетов о выполненной работе по запросам работодателя с использованием информационных систем, серверного оборудования и программных средств оао «ржд».

такая работа устанавливается в соответствии с требованиями трудового кодекса рф: 
1) по согласованию между работником и работодателем  на постоянной основе  и временно;
2) по инициативе работодателя в исключительных случаях, временно, на период действия обстоятельств, предусмотренных статьей 312.9 тк рф.

что касается гибкого режима работы работы, то  его установление работнику  возможно как по  инициативе работника, так и по инициативе работодателя. любой работник может обратиться к работодателю с соответствующим заявлением. но решение о предоставлении работнику режима гибкого рабочего времени принимает работодатель.

существует ряд объективных причин, почему это не возможно. 
 предоставление работнику режима гибкого рабочего времени это право, а не обязанность работодателя.  "
"Организация работы | правила внутреннего трудового распорядка, ПВТР, режим работы | Режим работы | Где посмотреть режим работы? | Где есть информация про режим работы? | В каком документе указан режим работы? |  |  | ","Режимы работы  регламентируются правилами внутреннего трудового распорядка  (далее - пвтр) подразделения. пвтр разрабатывается с учетом трудового кодекса рф, особенностей режима рабочего времени и времени отдыха, условий труда отдельных категорий работников железнодорожного транспорта общего пользования, работа которых непосредственно связана с движением поездов (приказ минтранса россии от 11.10.2021 №339), коллективного договора и др локально-нормативных документов оао «ржд». Подробнее про правила внутреннего трудового распорядка и режимы рабочего времени Пвтр состоит из разделов: 
общие положения
порядок приема, перевода и увольнения работников, 
основные права и обязанности работников, 
основные права и обязанности работодателя, 
рабочее время, 
время отдыха, 
оплата труда, 
поощрение за труд, 
дисциплинарная ответственность работников.                                                                      
режимы рабочего времени бывают: 
- пятидневная рабочая неделя с двумя выходными днями, 
- шестидневная рабочая неделя с одним выходным днем, 
- рабочая неделя с предоставлением выходных дней по скользящему графику, 
- неполная рабочая неделя;
- работа с ненормированным рабочим днем;
- режим рабочего времени, отличающийся от общих правил, установленных у данного работодателя (устанавливается трудовым договором). например, режим гибкого рабочего времени и др.
"
Режим труда и отдыха | организация труда | Какой график работы! | Где посмотреть график рабочего времени? |  | Каким документом регламентируется график работы? | Какие графики работы есть? |  | ," в правилах внутреннего трудового распорядка структурного подразделения в качестве приложения должен быть график для каждой должности (профессии).  график составляется с учетом мотивированного мнения представительного органа работников и утверждается руководителем структурного подразделения. работники должны быть ознакомлены с графиком рабочего времени под роспись не менее, чем за месяц до введения его в действие. график рабочего времени зависит от режима работы.   в соответствии со статьей 100 трудового кодекса российской федерации режимы работы бывают: 
- пятидневная рабочая неделя с двумя выходными днями, 
- шестидневная рабочая неделя с одним выходным днем, 
- рабочая неделя с предоставлением выходных дней по скользящему графику, 
- неполная рабочая неделя;
- работа с ненормированным рабочим днем;
- режим рабочего времени, отличающийся от общих правил, установленных у данного работодателя, установленный трудовым договором (например, режим гибкого рабочего времени и др).    "
Организация работы | работа в ночь | Как часто вызывают на работы в ночное время суток? | Могут ли заставить работать ночью? |  |  | работа в ночное время условия |  | ,"Работа в ночное время,  как правило, осуществляется при сменном режиме рабочего времени, а также работниками локомотивных бригад, работа которых организована по вызывной и без вызывной  системе. график рабочего времени предусматривает (например 4-х сменный) режим работы (с дневными и ночными сменами).  ночным временем считается время с 22 до 6 часов.  работа более двух смен подряд в период ночного времени не допускается. за исключением  работников, занятых ремонтом и техническим обслуживанием железнодорожных линий (участков инфраструктуры) преимущественно в ночное время. перечень  железнодорожных линий (участков инфраструктуры) на которых организована работа преимущественно в ночное время суток, утверждается локальным актом работодателя. к работе в ночное время в соответствие со ст. 96 тк рф отдельные лица не допускаются. помимо смен, установленных графиком, работник может привлекаться (в исключительных случаях) к работе в выходные, нерабочие праздничные дни  и сверхурочно (часы таких смен могут приходятся на ночные смены). 
порядок  привлечения к работе сверх установленного времени регламентируется трудовым кодексом рф.  "
Оплата труда | Начисление заработной платы | Как оплачиваются ночные смены? |  |  |  | % за работу в ночь | зп за работу в ночь | ,Ночным временем считается время с 22 часов до 6 часов. за работу в ночное время работникам оао «ржд» осуществляется доплата в размере 40% часовой тарифной ставки (оклада) за каждый час работы в ночное время.   
Организация работы | режим работы | Нормированный или нет рабочий день | Что такое ненормированный рабочий день? | Что за режим работы - ненормированный рабочий день? | Условия работы при ненормированном рабочем дне |  |  | ,"Согласно трудовому кодексу рф нормальная продолжительность рабочего времени не может превышать 40 часов в неделю.

согласно статье 101 трудового кодекса рф ненормированный рабочий день - особый режим работы, в соответствии с которым отдельные работники могут по распоряжению работодателя при необходимости эпизодически привлекаться к выполнению своих трудовых функций за пределами, установленной для них продолжительности рабочего времени.

в оао «ржд» разработан примерный перечень профессий и должностей работников филиалов с ненормированным рабочим днем с указанием продолжительности дополнительных оплачиваемых отпусков. 
на основании этого перечня филиалы утверждают локальные нормативные акты (приказы, приложения к правилам внутреннего трудового распорядка), содержащие перечни профессий и должностей работников с ненормированным рабочим днем.   "
"Организация работы | сверхурочная работа | Переработки | Порядок оплаты переработки? | Что получу, если отработал сверх нормы рабочих часов? | Как оплачивается работа сверх нормы рабочего времени? |  |  | ","Согласно ст. 99 тк рф сверхурочная работа – это работа, выполняемая работником по инициативе работодателя за пределами установленной для работника продолжительности рабочего времени: ежедневной работы (смены), а при суммированном учете рабочего времени - сверх нормального числа рабочих часов за учетный период.

в соответствии с корпоративной системой оплаты труда работников оао «ржд», сверхурочная работа оплачивается за первые два часа работы в полуторном размере, за последующие часы - в двойном размере.
 по желанию работника сверхурочная работа вместо повышенной оплаты может компенсироваться предоставлением дополнительного времени отдыха, но не менее времени, отработанного сверхурочно.   "
"Организация работы | дисциплинарное взыскание, депремирование | Какие есть системы наказания на жд | За что могут снизить зарплату? | Как могут лишить зарплаты? |  | за что могут наказать | дисциплинарка | ","Работник может быть привлечен к дисциплинарной и материальной (согласно главе 39 тк рф) ответственности, а также может быть лишен премии полностью или частично за допущенные нарушения согласно положениям о премировании подразделений оао «ржд».

в оао «ржд» применяются виды дисциплинарных взысканий, установленные ст. 192 тк рф:
1) замечание;
2) выговор;
3) увольнение по соответствующим основаниям.  "
Организация работы |  увольнение | Каковы шансы на увольнение в случае допущения ошибок в работе по незнанию? | Может ли работодатель уволить работника за невыполнение поставленных задач? |  |  |  |  | ,"Согласно ст. 68 тк рф при приеме на работу (до подписания трудового договора) работодатель обязан ознакомить работника под роспись с правилами внутреннего трудового распорядка, иными локальными нормативными актами, непосредственно связанными с трудовой деятельностью работника, коллективным договором. соответственно, требовать от работника выполнения установленных в указанных документах требований работодатель может только после ознакомления работника с их содержанием.

в то же время незнание работниками требований законодательства, иных документов в пределах круга их должностных обязанностей и выполняемой работы не снимает с них ответственности за допущенные нарушения. в данном случае речь будет идти о неисполнении или ненадлежащем исполнении работником по его вине возложенных на него обязанностей в части знания определенных норм и требований для выполнения трудовых обязанностей.

согласно п. 5 ч. 1 ст. 81 тк рф трудовой договор может быть расторгнут работодателем в случае неоднократного неисполнения работником без уважительных причин трудовых обязанностей, если он имеет дисциплинарное взыскание.

в соответствии с п. 5 ч. 1 ст. 81 тк рф если работник должным образом не выполнил трудовые обязанности, он может быть уволен при наличии действующего дисциплинарного взыскания (в течение года со дня применения предыдущего дисциплинарного взыскания - ст. 194 тк рф).

также работник может быть уволен в случае однократного грубого нарушения работником трудовых обязанностей - установленного комиссией по охране труда или уполномоченным по охране труда нарушения работником требований охраны труда, если это нарушение повлекло за собой тяжкие последствия (несчастный случай на производстве, авария, катастрофа) либо заведомо создавало реальную угрозу наступления таких последствий (пп. ""д"" п. 6 ч. 1 ст. 81 тк рф).  "
"Организация работы | Внутритранспортный перевод | Имеют ли право при желании сотрудника, не дать перевод на другую жд |  | Правила внутритранспортного перевода | Могу перейти работать в другое подразделение без увольнения из компании? |  |  | ","Согласно ст. 72 тк рф изменение определенных сторонами условий трудового договора, в том числе структурного подразделения, в котором работает работник, допускается по соглашению сторон трудового договора. 

изменение структурного подразделения, в котором работает работник, по заявлению работника возможно при согласии работодателя. соглашение об изменении определенных сторонами условий трудового договора заключается в письменной форме.  "
"Организация работы | должности для женщин | Какие должности могут занимать женщины на железнодорожном транспорте? | Есть ли должности на жд,, на которых женщинам работать запрещено? | условия работы на железнодорожном транспорте для женщин |  |  |  | ","Женщины могут занимать любые должности (профессии) кроме указанных в приказе минтруда россии от 18.07.2019 № 512н 
""об утверждении перечня производств, работ и должностей с вредными и (или) опасными условиями труда, на которых ограничивается применение труда женщин""  Подробнее Согласно приказу минтруда россии от 18.07.2019 № 512н 
""об утверждении перечня производств, работ и должностей с вредными и (или) опасными условиями труда, на которых ограничивается применение труда женщин"" женщины не могут выполнять следующие работы на железнодорожном транспорте:
работы по ремонту и техническому обслуживанию объектов инфраструктуры, контактной сети электрифицированных железных дорог и железнодорожного подвижного состава, связанные с поднятием и перемещением тяжестей вручную более установленных норм;
маневровые работы по расформированию-формированию составов, регулированию скорости движения вагонов путем торможения их тормозными башмаками, связанные с поднятием и перемещением тяжестей вручную более установленных норм;
работы по очистке и пропарке внутренних поверхностей железнодорожных цистерн из-под нефтепродуктов и ядохимикатов; 
работы по управлению железнодорожными строительными машинами, тяговым, моторвагонным и специальным самоходным подвижным составом, связанные с превышением предельно допустимых концентраций вредных химических веществ и предельно допустимого уровня общей вибрации;
работы, связанные с подъемом и перемещением тяжестей вручную независимо от видов должностей.
"
Организация работы | командировки | Возможность командировок | Как часто отправляют в командировки? |  |  | максимальная продолжительность командировок |  | ,"Согласно ст. 166 тк рф служебная командировка - поездка работника по распоряжению работодателя на определенный срок для выполнения служебного поручения вне места постоянной работы. служебная командировка оформляется приказом работодателя.

согласно п. 5.28. коллективного договора оао «ржд» на 2023-2025 годы работодатель может направлять работника в служебные командировки продолжительностью более 40 календарных дней подряд только с его личного согласия, выраженного в письменной форме.
перерыв между служебной командировкой продолжительностью более 40 календарных дней подряд и следующей служебной командировкой должен составлять не менее 10 календарных дней. этот период может быть сокращен только с личного согласия работника, выраженного в письменной форме.

приказы о направлении работника в командировку, о сокращении срока командировки, о продлении срока командировки, об отмене направления в командировку работников, являющихся участниками электронного документооборота в сфере трудовых отношений в оао «ржд», направляются посредством сервисного портала работника, руководителя и неработающего пенсионера оао «ржд».  "
Оплата труда | Командировочные и суточные | Как оплачивается работа в выходные дни в командировке? |  |  | Порядок оплаты работы в выходной день в командировке |  |  | ,"За работником в период командировки сохраняется средний заработок - за все дни работы по графику, установленному в командирующей организации (п.9 положения об особенностях направления работников в служебные командировки, утвержденного постановлением правительства рф от 13.10.2008 г. № 749). оплата труда работника в случае привлечения его в период командировки к работе в выходные или нерабочие праздничные дни производится в соответствии с трудовым законодательством рф (п.5 вышеуказанного положения), т.е. точно так же, как и в случае работы в выходной день по основному месту работы работника. согласно ст.153 трудового кодекса рф работа в выходные или нерабочие праздничные дни оплачивается не менее чем в двойном размере, в оао «ржд» - в размере двойной часовой тарифной ставки (части оклада). по желанию работника, работавшего в выходной или нерабочий праздничный день, ему может быть предоставлен другой день отдыха (полный рабочий день (смена) по графику работы конкретного работника). в этом случае день отдыха оплате не подлежит, работа в выходной день оплачивается в одинарном размере. для работников, работавших в нерабочий праздничный день, в компании предусмотрены более высокие по сравнению с трудовым законодательством гарантии: работа в нерабочий праздничный день во всех случаях (независимо от предоставления или не предоставления дополнительного дня отдыха) оплачивается в двойном размере, другой день отдыха в случае его предоставления оплате не подлежит.  "
Оплата труда | Командировочные и суточные | Каков размер суточных в командировке для работников локомотивных бригад? | Сколько заплатят за работу в командировке помощнику машиниста? |  |  | размер суточных в командировке для лок бригад |  | ,"Согласно положению о порядке и размерах возмещения командировочных расходов, выдачи подотчетных денежных средств, представления авансовых отчетов о командировочных и хозяйственных расходах работников филиалов и других структурных подразделений оао «ржд» (распоряжение от 7 ноября 2006 г. № 2193р) расходы на выплату суточных с 01.03.2024 г. составляют:
- работникам филиалов и других структурных подразделений 
оао «ржд» - 322 руб. за каждый день нахождения в командировке;
- машинистам локомотивов и помощникам машинистов локомотивов при работе с пассажирскими и пригородными поездами в поездках туда и обратно продолжительностью не менее 7 ч. - 631 руб. за каждый день нахождения в командировке;
- машинистам локомотивов и помощникам машинистов локомотивов при работе с грузовыми (кроме передаточных и вывозных) поездами:
в поездках туда и обратно продолжительностью не менее 7 ч. -  631 руб. за каждый день нахождения в командировке;
- в поездках туда и обратно продолжительностью не менее 12 ч. при работе не менее чем на 3 участках обслуживания с предоставлением второго отдыха в пункте оборота (подмены) - 940 руб. за каждый день нахождения в командировке.  "
